#{"t_start": 1669379028.0724063, "env_id": null}
r,l,t
-5,20,51.610303
-10.0,6,65.947263
,20,15.375116
-10.0,10,15.377219
-5,20,15.381198
-5,20,15.385135
-5,20,15.607019
-10.0,5,15.636894
-5,20,15.641251
-5,20,15.64591
-5,20,15.650015
-5,20,15.749411
-5,20,15.753548
-5,20,15.757406
-5,20,15.761217
-5,20,15.765317
-5,20,15.800333
-5,20,15.804369
-10.0,18,15.807827
-5,20,15.811694
-10.0,2,15.822566
-5,20,15.826516
-5,20,15.830326
-10.0,4,15.831176
-5,20,15.835041
-5,20,15.838916
-10.0,12,15.84127
-5,20,15.84508
-5,20,15.848945
-10.0,14,15.851643
-5,20,15.855654
-5,20,15.859643
-5,20,15.863574
-5,20,15.888329
-10.0,20,15.892176
-5,20,15.896057
-5,20,15.899921
-5,20,15.903808
-5,20,15.907651
-5,20,16.017497
-5,20,16.021536
-5,20,16.025382
-10.0,4,16.02624
-5,20,16.030118
-5,20,16.03398
-5,20,16.037807
-10.0,11,16.039951
-5,20,16.118464
-5,20,16.122591
-10.0,1,16.122888
-5,20,16.126723
-5,20,16.130518
-10.0,8,16.132141
-5,20,16.135942
-5,20,16.139781
-5,20,16.143607
-5,20,16.147455
-5,20,16.151346
-5,20,16.262122
-5,20,16.291969
-10.0,2,16.292454
-5,20,16.296217
-5,20,16.300005
-5,20,16.303744
-5,20,16.307543
-5,20,16.311322
-5,20,16.315083
-5,20,16.318926
-5,20,16.322707
-5,20,16.326658
-5,20,16.330418
-10.0,9,16.332204
-10.0,18,16.335606
-10.0,16,16.338626
-5,20,16.342409
-5,20,16.34619
-10.0,5,16.347213
-5,20,16.350959
-10.0,9,16.352759
-5,20,16.356586
-5,20,16.360418
-5,20,16.3642
-5,20,16.368017
-5,20,16.371792
-5,20,16.375635
-5,20,16.379409
-5,20,16.383246
-5,20,16.492329
-10.0,5,16.503768
-5,20,16.507667
-10.0,5,16.508692
-5,20,16.512453
-5,20,16.516239
-5,20,16.521067
-10.0,8,16.522654
-5,20,16.52659
-5,20,16.530362
-10.0,11,16.532483
-5,20,16.536268
-5,20,16.540012
-5,20,16.544653
-5,20,16.548466
-10.0,13,16.618328
-5,20,16.622185
-5,20,16.625983
-5,20,16.629733
-5,20,16.633512
-10.0,2,16.633987
-5,20,16.637752
-5,20,16.641506
-5,20,16.645287
-10.0,1,16.645569
-5,20,16.649446
-5,20,16.653212
-10.0,8,16.654775
-10.0,2,16.655244
-5,20,16.659041
-10.0,15,16.661897
-5,20,16.665688
-10.0,9,16.66743
-5,20,16.671164
-10.0,1,16.676727
-5,20,16.680688
-5,20,16.684454
-5,20,16.688277
-5,20,16.692024
17.0,4,16.692865
-5,20,16.696663
-5,20,16.700454
-5,20,16.704208
-5,20,16.708005
-5,20,16.711751
-5,20,16.715532
-5,20,16.745135
-5,20,16.749229
-5,20,16.752975
-5,20,16.756749
-5,20,16.760504
-5,20,16.764298
-10.0,1,16.764584
-5,20,16.76832
-5,20,16.772105
-10.0,5,16.778522
-5,20,16.782345
-5,20,16.786118
-10.0,18,16.789501
-10.0,2,16.799979
-5,20,16.803801
-10.0,10,16.805784
-5,20,16.809515
-5,20,16.813297
-5,20,16.817052
-5,20,16.820819
-10.0,7,16.822235
-5,20,16.856526
-5,20,16.860435
-5,20,16.864307
-5,20,16.868083
-5,20,16.871842
-5,20,16.875626
-5,20,16.879587
-5,20,16.883378
-5,20,16.887089
-5,20,16.890901
8.0,13,16.893372
-5,20,16.897158
-5,20,16.90087
-5,20,16.904605
-5,20,16.908367
-5,20,16.912484
-5,20,16.916316
-5,20,16.920173
-5,20,16.924018
-5,20,16.92781
-5,20,16.931633
-5,20,16.935431
-5,20,16.939255
-10.0,5,16.940282
-5,20,16.94943
-5,20,16.95342
-5,20,16.957254
-5,20,16.961052
-5,20,16.964871
-10.0,15,17.013923
-10.0,12,17.016336
-10.0,8,17.017926
-5,20,17.021732
-5,20,17.025503
-10.0,2,17.025977
-10.0,1,17.031288
-5,20,17.035164
-5,20,17.038926
-5,20,17.073558
-10.0,1,17.078851
-5,20,17.082723
-5,20,17.086483
-5,20,17.090291
-5,20,17.094041
-5,20,17.09784
-5,20,17.208781
-5,20,17.213355
-5,20,17.217642
-5,20,17.221571
-5,20,17.22533
-5,20,17.229125
-5,20,17.233102
-5,20,17.236947
-5,20,17.240694
-5,20,17.244475
-10.0,1,17.24987
-5,20,17.25371
-5,20,17.257521
-5,20,17.261327
-5,20,17.265146
-10.0,14,17.267825
-5,20,17.271652
-10.0,8,17.314384
-10.0,8,17.316051
-10.0,19,17.319835
-5,20,17.323627
-5,20,17.327405
-10.0,5,17.353955
-10.0,5,17.381186
-5,20,17.385049
-5,20,17.38884
-5,20,17.393139
-5,20,17.397015
-5,20,17.400773
-5,20,17.404577
-5,20,17.408343
-5,20,17.412127
-5,20,17.41591
-5,20,17.419858
-5,20,17.423709
-10.0,5,17.424761
-5,20,17.428486
-5,20,17.432296
-10.0,2,17.432804
-5,20,17.436563
-10.0,8,17.438206
-5,20,17.441941
-5,20,17.44579
-5,20,17.449647
-5,20,17.453463
-5,20,17.457233
-10.0,5,17.458284
-5,20,17.462106
-5,20,17.465983
-10.0,18,17.469395
-5,20,17.473219
-5,20,17.477001
-5,20,17.480777
-5,20,17.484559
-5,20,17.488312
-5,20,17.492078
-5,20,17.495812
-5,20,17.499578
-5,20,17.503304
-5,20,17.507052
-5,20,17.510781
-5,20,17.514548
-5,20,17.518265
-10.0,20,17.624647
-10.0,5,17.625772
-5,20,17.629544
-5,20,17.633336
-5,20,17.637095
-5,20,17.640867
-10.0,19,17.644428
-5,20,17.648205
-5,20,17.651999
-5,20,17.655762
-5,20,17.659597
-5,20,17.663364
-10.0,6,17.664578
-5,20,17.668381
-5,20,17.672138
-10.0,16,17.675211
-10.0,19,17.678796
-5,20,17.682601
-5,20,17.686545
-5,20,17.690326
-5,20,17.694135
-5,20,17.806075
-5,20,17.809988
-5,20,17.885761
-10.0,1,17.886081
-5,20,17.940839
-5,20,17.94483
-5,20,17.94859
-5,20,17.95238
-5,20,17.956127
-5,20,17.959915
-5,20,17.963648
-10.0,2,17.964187
-5,20,17.967935
-5,20,17.971722
-5,20,17.975656
-5,20,17.979493
-5,20,17.983235
-5,20,17.988057
-5,20,18.072186
-5,20,18.181999
-10.0,6,18.213727
-5,20,18.21761
-5,20,18.221432
-10.0,14,18.224115
-5,20,18.227884
-5,20,18.23169
-5,20,18.235481
-5,20,18.239429
-10.0,10,18.241436
-5,20,18.245214
-5,20,18.249004
-5,20,18.252754
-5,20,18.256505
-10.0,17,18.346957
-5,20,18.350859
-5,20,18.354648
-5,20,18.358464
-5,20,18.362403
-5,20,18.366241
-10.0,9,18.368012
-5,20,18.371802
-5,20,18.461982
-5,20,18.465992
-10.0,7,18.467401
-5,20,18.471207
-5,20,18.474991
-5,20,18.478784
-5,20,18.482568
-10.0,4,18.483415
-5,20,18.588581
-5,20,18.592469
-5,20,18.596269
-5,20,18.600063
-10.0,4,18.600917
-10.0,12,18.60324
-5,20,18.607019
-5,20,18.610806
-5,20,18.614588
-5,20,18.618533
-10.0,5,18.619574
11.0,10,18.621537
-5,20,18.625342
-5,20,18.629125
-10.0,14,18.695519
-5,20,18.699571
-5,20,18.703475
-5,20,18.707366
-5,20,18.711259
-5,20,18.715182
-5,20,18.719323
-5,20,18.723264
-10.0,14,18.726086
-5,20,18.735874
-5,20,18.739846
-5,20,18.743726
-5,20,18.747685
-5,20,18.751562
-5,20,18.755401
-5,20,18.759388
-5,20,18.763399
-5,20,18.767309
-5,20,18.882514
-5,20,18.886802
-5,20,18.890884
-5,20,18.895054
-10.0,4,18.912724
-10.0,15,18.91721
-5,20,18.921591
-5,20,18.957231
-10.0,10,18.959258
-5,20,18.963123
-5,20,18.967137
-5,20,18.971108
-10.0,20,18.975118
-5,20,18.978902
-10.0,16,18.982144
-5,20,18.985961
-5,20,18.989969
-5,20,18.993778
-5,20,19.103147
-5,20,19.107306
-5,20,19.111306
20.0,1,19.111594
-5,20,19.115597
-5,20,19.119393
-5,20,19.123385
-5,20,19.127169
-5,20,19.131174
-5,20,19.135051
-5,20,19.139168
-10.0,2,19.139661
-5,20,19.143511
-5,20,19.147542
-5,20,19.151374
-5,20,19.155383
-10.0,14,19.158089
-5,20,19.162131
-5,20,19.166968
-5,20,19.17081
-5,20,19.17464
-5,20,19.178456
-5,20,19.182254
-5,20,19.186082
-5,20,19.189899
-5,20,19.193714
-5,20,19.19766
-5,20,19.201614
-5,20,19.205462
-5,20,19.209479
-5,20,19.213331
-5,20,19.217135
-5,20,19.220933
-5,20,19.224808
-5,20,19.228796
-5,20,19.339803
-5,20,19.34407
-5,20,19.348168
-10.0,2,19.348717
-5,20,19.352656
-10.0,18,19.356188
-5,20,19.360247
-5,20,19.364249
-5,20,19.368283
-10.0,7,19.406271
-5,20,19.410215
-5,20,19.414061
-5,20,19.417892
-10.0,11,19.476508
-10.0,4,19.482622
-10.0,9,19.484425
-5,20,19.48824
-5,20,19.492032
-5,20,19.600963
-5,20,19.604864
-5,20,19.716489
-5,20,19.720551
-5,20,19.72459
-5,20,19.836668
-5,20,19.840991
-5,20,19.845043
-5,20,19.848895
-5,20,19.85301
-10.0,14,19.855753
-5,20,19.859797
-5,20,19.86373
-5,20,19.867877
-5,20,19.871881
-5,20,19.875783
-5,20,19.879825
-10.0,4,19.902516
-10.0,11,19.904772
-10.0,18,19.908468
-5,20,19.912381
-5,20,19.916612
-10.0,9,19.951471
-5,20,19.955563
-5,20,19.95949
-5,20,19.963453
8.0,13,19.966506
-5,20,19.976063
4.0,17,19.979512
-10.0,20,19.983652
-5,20,19.987525
-5,20,19.99158
-5,20,19.995488
-5,20,19.999582
-5,20,20.003612
-10.0,4,20.004532
-5,20,20.00843
-5,20,20.012623
-5,20,20.01654
-5,20,20.020682
11.0,10,20.022713
-5,20,20.026791
-5,20,20.030764
-5,20,20.034813
-5,20,20.065778
-5,20,20.069882
-5,20,20.074224
-5,20,20.078423
-5,20,20.082558
-5,20,20.0865
-5,20,20.091087
-5,20,20.095678
-5,20,20.099764
-10.0,17,20.197144
8.0,13,20.199945
-5,20,20.203888
-5,20,20.207969
-5,20,20.314295
-5,20,20.318525
-5,20,20.322426
-5,20,20.428933
-5,20,20.43306
-5,20,20.437236
-10.0,5,20.438327
-5,20,20.442213
-5,20,20.446766
-10.0,6,20.44833
-5,20,20.452189
-5,20,20.456549
-5,20,20.460431
-5,20,20.464349
-5,20,20.468447
-5,20,20.472698
-5,20,20.476573
-5,20,20.48044
-10.0,19,20.484415
-5,20,20.488264
-5,20,20.492173
-5,20,20.496247
-10.0,8,20.497982
-5,20,20.501839
-5,20,20.505754
-5,20,20.613306
-5,20,20.617421
-5,20,20.621488
-5,20,20.625503
-5,20,20.629536
-5,20,20.633494
-5,20,20.658862
-5,20,20.662887
-10.0,15,20.665925
-5,20,20.669938
-5,20,20.674033
-5,20,20.67807
-5,20,20.682004
-5,20,20.685909
-5,20,20.689781
-5,20,20.693676
-5,20,20.697584
-5,20,20.701447
-5,20,20.705384
-5,20,20.709249
-5,20,20.713342
-10.0,6,20.714675
-5,20,20.718573
-5,20,20.722624
-5,20,20.726643
-5,20,20.730613
-5,20,20.734627
-5,20,20.738576
-5,20,20.742641
-5,20,20.825814
-5,20,20.82972
-5,20,20.833576
-10.0,1,20.839081
-5,20,20.842967
-5,20,20.846788
-5,20,20.850597
-5,20,20.854403
-5,20,20.858222
-10.0,1,20.863758
-10.0,1,20.86411
-5,20,20.86795
-5,20,20.871772
-10.0,13,20.874305
-5,20,20.878178
-5,20,20.882164
-5,20,21.035971
-5,20,21.048567
-5,20,21.060327
-10.0,18,21.068962
-5,20,21.075632
-5,20,21.081148
-5,20,21.085949
-10.0,20,21.090259
-5,20,21.129481
-10.0,3,21.130313
-5,20,21.134199
-5,20,21.138162
-5,20,21.141928
-10.0,5,21.168958
-10.0,2,21.169545
-10.0,4,21.170394
-5,20,21.174191
-5,20,21.177949
-5,20,21.181732
-5,20,21.185527
-5,20,21.189321
-5,20,21.193026
-5,20,21.196723
-5,20,21.200466
-10.0,1,21.20597
-5,20,21.209787
-5,20,21.213596
-5,20,21.217419
-10.0,3,21.218124
-5,20,21.222378
-5,20,21.228719
-5,20,21.234339
-5,20,21.240091
-10.0,4,21.241518
-5,20,21.2458
-5,20,21.2505
-5,20,21.254577
-5,20,21.258731
-5,20,21.263543
-5,20,21.268728
-5,20,21.273865
-5,20,21.278024
-5,20,21.281962
-5,20,21.285919
-5,20,21.289969
-5,20,21.330735
-5,20,21.334602
-5,20,21.338586
-10.0,14,21.341303
-5,20,21.34511
-5,20,21.348922
-5,20,21.352719
-5,20,21.35651
-5,20,21.360293
-10.0,6,21.361516
-5,20,21.365302
-5,20,21.413063
-5,20,21.417019
-10.0,12,21.41937
-5,20,21.42328
-5,20,21.42718
-10.0,4,21.449818
-10.0,1,21.450271
-10.0,5,21.451572
-5,20,21.456307
-10.0,16,21.45947
-5,20,21.526712
-5,20,21.530814
-10.0,18,21.534301
-10.0,19,21.537969
-5,20,21.541796
-5,20,21.545601
-5,20,21.549399
-10.0,20,21.553377
-5,20,21.557267
-5,20,21.561173
-10.0,2,21.572414
-5,20,21.576698
-5,20,21.580558
-5,20,21.584408
-5,20,21.588237
-5,20,21.697423
-5,20,21.701422
-5,20,21.705246
-10.0,6,21.70648
-5,20,21.710312
-10.0,1,21.710609
-5,20,21.714451
-5,20,21.71826
-5,20,21.829301
-5,20,21.833571
-5,20,21.837425
-10.0,18,21.840921
-5,20,21.844745
-5,20,21.848607
-5,20,21.852514
-5,20,21.956521
-10.0,8,21.958186
-5,20,21.962016
-10.0,11,21.964164
-5,20,21.96812
-5,20,21.971936
-5,20,21.975726
-5,20,21.979523
-5,20,21.983327
-5,20,21.987128
-5,20,21.990922
-5,20,21.994724
-10.0,1,21.995014
-5,20,21.998823
-5,20,22.110235
-5,20,22.114211
-10.0,18,22.117665
-5,20,22.121474
-5,20,22.125277
-5,20,22.129066
-5,20,22.132844
-5,20,22.136731
-5,20,22.140547
-5,20,22.250802
-5,20,22.254785
-5,20,22.258585
-5,20,22.262395
-10.0,9,22.264173
-5,20,22.267965
-5,20,22.292093
-5,20,22.295907
-5,20,22.299683
-5,20,22.303636
-10.0,7,22.305045
-10.0,11,22.307187
-5,20,22.310991
-5,20,22.31478
-5,20,22.318586
-5,20,22.322378
-5,20,22.432654
-10.0,17,22.436196
-5,20,22.440218
-5,20,22.444676
-5,20,22.448515
-10.0,19,22.452141
-5,20,22.455948
-5,20,22.45979
-5,20,22.463623
-5,20,22.467457
-10.0,9,22.518799
-5,20,22.523173
-10.0,3,22.523901
-5,20,22.528458
-5,20,22.534583
-10.0,9,22.537304
-5,20,22.543228
-5,20,22.547516
-5,20,22.551785
-5,20,22.556431
-5,20,22.560808
-5,20,22.56504
-5,20,22.569705
-5,20,22.573558
-5,20,22.578251
-5,20,22.58287
-5,20,22.586761
-5,20,22.705878
-5,20,22.710052
-5,20,22.714138
-10.0,9,22.716015
-10.0,14,22.718938
-5,20,22.722904
-5,20,22.726989
-5,20,22.730903
-5,20,22.735018
-5,20,22.739051
-5,20,22.743232
-5,20,22.747277
-5,20,22.861324
-5,20,22.865573
-5,20,22.869559
-5,20,22.873492
-5,20,22.877409
-5,20,22.881387
-5,20,22.885267
-5,20,22.88936
-5,20,22.89325
-5,20,22.897157
-5,20,22.90106
-5,20,22.904954
-10.0,10,22.906988
-10.0,5,22.908074
-5,20,22.912019
-10.0,19,22.915824
-5,20,22.919758
-5,20,22.923736
-5,20,23.003666
-5,20,23.007677
-5,20,23.011607
-5,20,23.015457
-5,20,23.019323
-5,20,23.023186
-10.0,1,23.023523
-5,20,23.027372
-5,20,23.036715
-5,20,23.040603
-5,20,23.044458
-5,20,23.134697
-5,20,23.138925
-10.0,12,23.157844
-5,20,23.276648
-5,20,23.281069
-5,20,23.285628
-10.0,18,23.289568
-10.0,8,23.329425
-5,20,23.333324
-5,20,23.33714
-5,20,23.341096
-5,20,23.344882
-5,20,23.453536
-5,20,23.457484
-5,20,23.482007
-5,20,23.485844
-5,20,23.489616
-5,20,23.49339
-5,20,23.497324
-5,20,23.501101
-5,20,23.504853
-10.0,9,23.506619
-5,20,23.510396
-5,20,23.514167
-10.0,4,23.535712
-10.0,16,23.619289
-5,20,23.623322
-5,20,23.627107
-5,20,23.630877
-5,20,23.634656
-10.0,8,23.636238
-5,20,23.640013
-5,20,23.643793
-5,20,23.647577
-5,20,23.651373
-10.0,12,23.654433
-5,20,23.658246
-5,20,23.687873
-5,20,23.691854
-5,20,23.695655
-5,20,23.699454
-5,20,23.703246
-5,20,23.707047
-5,20,23.710845
-10.0,10,23.712797
-5,20,23.716585
-5,20,23.720381
-10.0,7,23.721927
-5,20,23.72572
-5,20,23.729505
-5,20,23.733275
-10.0,14,23.73595
-5,20,23.739731
-5,20,23.743517
-5,20,23.747311
-5,20,23.856698
-5,20,23.860666
-5,20,23.864453
-10.0,1,23.864743
-5,20,23.868702
-5,20,23.872498
-5,20,23.876265
-5,20,23.880036
-5,20,23.883808
-10.0,11,23.885944
-5,20,23.889718
-5,20,23.893476
-5,20,23.897237
-10.0,19,23.90084
-5,20,23.920141
-10.0,10,23.922262
-5,20,23.926068
-5,20,23.929881
-5,20,23.933675
-5,20,23.937455
-10.0,1,23.942892
-5,20,23.946774
-5,20,24.00644
-5,20,24.010283
-5,20,24.014091
-5,20,24.01788
-5,20,24.021654
-5,20,24.025429
-5,20,24.101478
-5,20,24.105382
-5,20,24.215845
-10.0,18,24.224626
-10.0,1,24.229914
-10.0,3,24.230636
-5,20,24.234443
-5,20,24.238385
-5,20,24.242172
-5,20,24.245953
-5,20,24.249759
-5,20,24.253546
-5,20,24.257323
-5,20,24.263203
-10.0,20,24.269326
-5,20,24.275431
-5,20,24.28014
-5,20,24.283966
-10.0,7,24.311098
-5,20,24.31501
-5,20,24.318801
-5,20,24.322602
-5,20,24.326391
-10.0,18,24.32983
-5,20,24.333633
-10.0,15,24.33667
-10.0,5,24.33771
-10.0,20,24.341496
-10.0,2,24.34197
-5,20,24.345745
-5,20,24.349584
-5,20,24.353386
-5,20,24.357173
-5,20,24.360947
-5,20,24.364723
-5,20,24.368494
-10.0,17,24.371738
-10.0,12,24.374062
-5,20,24.377845
-5,20,24.381618
-10.0,14,24.384317
-5,20,24.38811
-10.0,19,24.391721
-5,20,24.395529
-5,20,24.399332
-5,20,24.403129
-5,20,24.406933
-10.0,9,24.408707
-5,20,24.412506
-5,20,24.416292
-5,20,24.420006
-10.0,5,24.421066
-5,20,24.425654
-5,20,24.429421
-10.0,3,24.430111
-5,20,24.433975
-5,20,24.437991
-5,20,24.441763
-5,20,24.455942
-10.0,9,24.478131
-5,20,24.481946
-5,20,24.490913
-5,20,24.494687
-5,20,24.498459
-5,20,24.502223
-5,20,24.505967
-5,20,24.509706
-5,20,24.51344
-5,20,24.517178
-5,20,24.520918
-10.0,8,24.522504
-5,20,24.526238
-5,20,24.52997
-5,20,24.533748
-5,20,24.537725
-5,20,24.541486
-5,20,24.545249
-10.0,9,24.547045
-10.0,8,24.548629
-5,20,24.593728
-10.0,4,24.594625
-10.0,1,24.594953
-5,20,24.598747
-5,20,24.602475
-5,20,24.6062
-5,20,24.609934
-10.0,10,24.662498
-10.0,3,24.663248
-5,20,24.66708
-10.0,20,24.670919
-5,20,24.674721
-10.0,2,24.67524
-5,20,24.679018
-5,20,24.682787
-10.0,19,24.686337
-5,20,24.690222
-5,20,24.693956
-5,20,24.697697
-10.0,19,24.701292
-5,20,24.705012
-5,20,24.708745
-5,20,24.712466
-5,20,24.716261
-5,20,24.720054
-5,20,24.7238
-5,20,24.727519
-5,20,24.731255
-5,20,24.734993
-5,20,24.738755
-5,20,24.742509
-5,20,24.746237
-5,20,24.750016
-5,20,24.858665
-5,20,24.862606
-5,20,24.86639
-5,20,24.870236
-5,20,24.874048
-5,20,24.877817
-5,20,24.881587
-5,20,24.885338
-5,20,24.889119
-10.0,16,24.892151
-10.0,3,24.892843
-5,20,24.896569
-5,20,24.900308
-5,20,24.904031
-5,20,24.907766
-5,20,24.912383
-5,20,24.916397
-5,20,24.920255
-5,20,24.924037
-10.0,4,24.924886
-5,20,24.928668
-5,20,24.932477
-5,20,24.936263
-5,20,24.940053
-5,20,24.943842
-10.0,8,24.945459
-5,20,24.949257
-10.0,1,24.954759
-10.0,6,24.986176
-5,20,24.990057
-5,20,24.993834
-10.0,8,24.99543
-5,20,24.999202
-5,20,25.002988
-5,20,25.006789
-5,20,25.026242
-5,20,25.030109
-5,20,25.033914
-10.0,16,25.098184
-5,20,25.102014
-5,20,25.106609
-10.0,1,25.106938
-5,20,25.110707
-10.0,7,25.112121
-10.0,12,25.114533
-5,20,25.118325
-5,20,25.122121
-5,20,25.125907
-5,20,25.129688
-5,20,25.133478
-5,20,25.137274
-5,20,25.146349
-5,20,25.150291
-5,20,25.15409
-5,20,25.157876
-5,20,25.161665
-5,20,25.16546
-5,20,25.169253
-10.0,9,25.17102
-10.0,18,25.174448
-5,20,25.178234
-5,20,25.182016
-10.0,1,25.182304
-5,20,25.186079
-5,20,25.189863
-5,20,25.193624
-10.0,2,25.1941
-5,20,25.197863
-10.0,16,25.200923
-5,20,25.204704
-5,20,25.208493
-5,20,25.212277
-5,20,25.216064
-5,20,25.219767
-5,20,25.223563
-5,20,25.227353
-10.0,9,25.229241
-5,20,25.232998
-5,20,25.307983
-5,20,25.311859
-5,20,25.315627
-5,20,25.319434
-5,20,25.323206
-5,20,25.326974
-5,20,25.40785
-5,20,25.411816
-5,20,25.415604
-5,20,25.419376
19.0,2,25.419851
-10.0,17,25.423072
-5,20,25.426836
-5,20,25.430604
-5,20,25.434371
-5,20,25.438142
-5,20,25.549802
-10.0,15,25.552995
-5,20,25.567145
-5,20,25.67595
-5,20,25.679937
-5,20,25.683723
-10.0,1,25.684009
-5,20,25.687793
-5,20,25.691579
-5,20,25.695359
-5,20,25.699176
-5,20,25.702956
-5,20,25.706724
-10.0,7,25.70812
-5,20,25.711899
-5,20,25.715673
-5,20,25.719652
-5,20,25.723444
-5,20,25.727215
-5,20,25.782568
-5,20,25.786382
-5,20,25.79016
-5,20,25.900948
-5,20,25.904917
-5,20,25.908741
-5,20,25.912561
-5,20,25.916339
-10.0,5,25.917409
-5,20,26.026266
-5,20,26.030216
-5,20,26.049578
-5,20,26.161073
-5,20,26.190593
-5,20,26.194465
-10.0,6,26.206038
-10.0,12,26.20839
-5,20,26.212172
-5,20,26.215941
-5,20,26.219825
-5,20,26.314344
-5,20,26.318243
-5,20,26.322029
-5,20,26.325803
-5,20,26.329592
-5,20,26.33337
-5,20,26.337103
-5,20,26.341877
-5,20,26.345684
-5,20,26.349611
-10.0,6,26.350845
-5,20,26.354852
-5,20,26.358624
-5,20,26.362381
-5,20,26.462084
-5,20,26.466186
-5,20,26.469994
-5,20,26.473778
-10.0,1,26.474066
-5,20,26.477854
-5,20,26.48163
-5,20,26.485404
-5,20,26.489176
-5,20,26.492953
-5,20,26.49676
-5,20,26.500579
-5,20,26.504386
-5,20,26.508186
-5,20,26.511985
-5,20,26.515781
-5,20,26.520561
-5,20,26.524365
-5,20,26.528177
-5,20,26.572201
-5,20,26.576072
-5,20,26.579891
-5,20,26.583655
-5,20,26.587421
5.0,16,26.590465
-5,20,26.594375
-5,20,26.598457
-10.0,18,26.601865
-5,20,26.711056
-5,20,26.715057
-10.0,19,26.718848
-10.0,3,26.71951
-10.0,4,26.720358
4.0,17,26.723608
-10.0,16,26.726672
-5,20,26.730486
-5,20,26.734277
-5,20,26.738072
-5,20,26.741866
-5,20,26.745668
-5,20,26.749466
-10.0,3,26.750133
-10.0,4,26.750986
-5,20,26.75481
-5,20,26.75863
-5,20,26.762443
-5,20,26.766259
-5,20,26.770068
-5,20,26.773878
-5,20,26.777691
-5,20,26.781506
-5,20,26.785311
-5,20,26.789119
-5,20,26.792899
-5,20,26.796703
-5,20,26.800497
-5,20,26.8043
-5,20,26.808095
-5,20,26.811901
-5,20,26.815706
-5,20,26.819654
-5,20,26.823444
-5,20,26.827225
-5,20,26.831007
-5,20,26.83479
-5,20,26.83857
-5,20,26.84236
-5,20,26.846153
-5,20,26.925458
-5,20,26.929454
-5,20,26.93326
-10.0,12,26.935585
-10.0,1,26.935873
-10.0,12,26.938222
-5,20,26.942043
-5,20,26.945999
-5,20,26.949815
-5,20,26.953588
-5,20,26.95737
-5,20,26.961141
-10.0,4,26.961987
-5,20,26.965756
-5,20,26.969524
-5,20,26.973301
-5,20,26.977086
-5,20,26.980865
-10.0,2,26.981351
-5,20,26.985133
-10.0,7,26.986528
-5,20,26.990293
-5,20,26.994031
-5,20,26.997807
-10.0,15,27.000664
-5,20,27.111682
-5,20,27.115641
-5,20,27.119403
-5,20,27.123171
-5,20,27.126957
-5,20,27.13072
-5,20,27.134471
-5,20,27.138223
-5,20,27.141973
-10.0,4,27.162669
-5,20,27.271155
-5,20,27.275107
-5,20,27.383065
-5,20,27.386983
-5,20,27.390934
-5,20,27.394661
-5,20,27.398433
-5,20,27.402158
-5,20,27.405884
-5,20,27.409645
-5,20,27.413399
-5,20,27.478498
-5,20,27.482297
-5,20,27.592905
-5,20,27.596866
-5,20,27.600821
-5,20,27.604611
-5,20,27.608387
-5,20,27.612176
-5,20,27.615951
-5,20,27.619653
-10.0,8,27.621241
-5,20,27.625106
-5,20,27.628827
-5,20,27.632835
-5,20,27.636587
-5,20,27.640373
-5,20,27.644168
-10.0,7,27.645628
-5,20,27.649411
-5,20,27.653188
-10.0,16,27.656221
-5,20,27.660009
-5,20,27.66382
-5,20,27.66771
-5,20,27.671524
-10.0,10,27.673565
-5,20,27.677357
-5,20,27.681135
-5,20,27.684902
-5,20,27.688637
-5,20,27.692421
-5,20,27.696204
-5,20,27.700141
-5,20,27.703912
-5,20,27.707646
-10.0,4,27.708513
-5,20,27.712284
-5,20,27.716063
-5,20,27.740671
-5,20,27.779996
-5,20,27.783798
-5,20,27.78763
-5,20,27.791421
-5,20,27.79518
-5,20,27.798928
-5,20,27.802678
-10.0,4,27.80355
-5,20,27.807296
-5,20,27.811236
-5,20,27.922955
-5,20,27.92692
-5,20,28.037613
3.0,18,28.041198
-10.0,15,28.04406
-5,20,28.04785
-5,20,28.051624
-5,20,28.05541
-10.0,20,28.059249
-5,20,28.063161
-5,20,28.066948
-5,20,28.07609
-10.0,13,28.078643
-10.0,17,28.081915
-5,20,28.08587
-5,20,28.089657
-5,20,28.093432
-5,20,28.09717
-5,20,28.1009
-5,20,28.104644
-5,20,28.108515
-10.0,3,28.109362
-10.0,8,28.152095
-10.0,4,28.153023
-5,20,28.203191
-5,20,28.31212
-5,20,28.316047
-5,20,28.320031
-5,20,28.3238
-5,20,28.327555
-5,20,28.332263
-5,20,28.336055
-5,20,28.401953
-10.0,1,28.4023
-5,20,28.406097
-5,20,28.409874
-5,20,28.413665
-5,20,28.417453
-10.0,15,28.420479
-10.0,6,28.421711
-5,20,28.425501
-5,20,28.429279
-5,20,28.433057
-5,20,28.436823
-5,20,28.517583
-5,20,28.521395
-5,20,28.525183
-5,20,28.528959
-5,20,28.53289
-10.0,2,28.543707
-5,20,28.547571
-5,20,28.55136
-5,20,28.555146
-10.0,2,28.555624
-5,20,28.559398
16.0,5,28.560428
-10.0,3,28.561095
-5,20,28.564871
-5,20,28.568645
-5,20,28.679857
-5,20,28.68382
-5,20,28.687782
-5,20,28.786902
-5,20,28.790861
-5,20,28.794659
-5,20,28.798453
-5,20,28.802233
-5,20,28.806014
-10.0,8,28.807603
-5,20,28.822009
-10.0,8,28.823605
-5,20,28.827394
-10.0,3,28.828083
-5,20,28.938327
-5,20,29.044225
-5,20,29.152609
-5,20,29.156582
-5,20,29.160382
-5,20,29.164338
-5,20,29.168151
-5,20,29.171946
-10.0,17,29.175202
-5,20,29.179008
-5,20,29.28835
-5,20,29.292469
-5,20,29.296275
-5,20,29.300067
-5,20,29.303843
-10.0,11,29.305986
-5,20,29.30976
-5,20,29.313545
-10.0,2,29.314021
-10.0,3,29.31468
-5,20,29.318489
-5,20,29.322308
-5,20,29.326113
-10.0,8,29.327697
-5,20,29.331503
-5,20,29.335319
-5,20,29.339138
-5,20,29.353449
-5,20,29.357305
-5,20,29.361115
-10.0,4,29.361971
-5,20,29.36578
-5,20,29.369591
-10.0,2,29.370068
-5,20,29.373875
-5,20,29.377652
-10.0,7,29.379048
-5,20,29.382832
-5,20,29.386618
-5,20,29.390419
-5,20,29.39438
-5,20,29.398166
-5,20,29.401937
-5,20,29.480796
-5,20,29.484748
-5,20,29.488554
-5,20,29.49234
-5,20,29.496113
-5,20,29.499899
-5,20,29.503674
-5,20,29.612535
-10.0,5,29.613863
-5,20,29.617649
-5,20,29.621427
-5,20,29.625193
-5,20,29.628959
-5,20,29.632717
-5,20,29.63721
14.0,7,29.638606
-5,20,29.642385
-5,20,51.808277
-10.0,4,51.809229
-5,20,51.813067
-5,20,51.81712
-10.0,7,51.818559
-5,20,51.82241
-10.0,18,51.825846
-5,20,51.829651
-10.0,8,51.831259
-5,20,51.835422
-10.0,12,51.837794
-10.0,5,51.838866
-5,20,51.842702
-5,20,51.846551
-5,20,51.850438
-10.0,9,51.852243
-5,20,51.856088
-10.0,14,51.858842
-5,20,51.862693
-5,20,51.866523
-10.0,14,51.869254
-5,20,51.873074
-5,20,51.876867
-10.0,10,51.878832
-5,20,51.882642
-5,20,51.886493
-5,20,51.890346
-10.0,3,51.891049
-5,20,51.89492
-5,20,51.898785
-5,20,51.902754
-5,20,52.012581
14.0,7,52.01417
-5,20,52.018028
-5,20,52.021871
-5,20,52.025724
-5,20,52.02957
-5,20,52.033402
-5,20,52.037237
-5,20,52.041075
-5,20,52.044902
-5,20,52.048727
-5,20,52.052559
-5,20,52.056387
-5,20,52.060222
-5,20,52.064214
-5,20,52.068052
-5,20,52.178437
-5,20,52.182455
-10.0,10,52.184439
-5,20,52.188277
-5,20,52.19212
-10.0,9,52.193914
-10.0,9,52.195704
-5,20,52.199529
-5,20,52.20338
-5,20,52.207215
-5,20,52.211039
-10.0,14,52.284438
-5,20,52.288556
-5,20,52.292408
-5,20,52.296235
-5,20,52.300072
-5,20,52.303933
-5,20,52.307778
-5,20,52.311618
-5,20,52.315469
-5,20,52.319302
-5,20,52.323152
-10.0,14,52.395776
-5,20,52.399702
-5,20,52.403599
-5,20,52.407454
-5,20,52.411287
-5,20,52.415122
-10.0,14,52.417835
-5,20,52.42167
-5,20,52.425511
-5,20,52.536825
-10.0,11,52.539147
-5,20,52.614053
-5,20,52.618085
-10.0,19,52.621758
-5,20,52.62559
-5,20,52.644876
-5,20,52.648689
-10.0,10,52.650669
-10.0,3,52.651372
-10.0,12,52.653754
-5,20,52.763233
-5,20,52.767232
-5,20,52.877001
-5,20,52.88096
-5,20,52.884765
-5,20,52.888557
-5,20,52.892385
-5,20,52.896195
-5,20,52.90074
-10.0,12,52.903391
-10.0,10,52.956527
-5,20,52.960459
-5,20,52.964284
-5,20,52.968123
-5,20,52.971937
-10.0,20,52.975753
-10.0,5,52.997338
-5,20,53.001265
-5,20,53.00529
-5,20,53.009126
-5,20,53.012948
-5,20,53.016781
-5,20,53.020613
-5,20,53.024441
-10.0,1,53.029989
-5,20,53.033888
-10.0,15,53.037159
-5,20,53.041012
-10.0,15,53.043933
-5,20,53.04779
-5,20,53.05165
-10.0,6,53.052885
-5,20,53.056719
-5,20,53.06055
-5,20,53.160815
-5,20,53.16478
-5,20,53.168591
-5,20,53.172426
-5,20,53.176253
-10.0,7,53.177702
-5,20,53.181482
-10.0,8,53.183091
-5,20,53.186901
-5,20,53.190718
-5,20,53.194566
-5,20,53.198433
-5,20,53.202301
-5,20,53.206173
-10.0,3,53.221953
-10.0,18,53.225556
-10.0,9,53.227349
-10.0,1,53.227673
-5,20,53.231459
-5,20,53.235265
-10.0,11,53.237598
-5,20,53.241428
-5,20,53.245684
-5,20,53.249524
-5,20,53.253341
-5,20,53.257195
-5,20,53.261024
-5,20,53.264809
-5,20,53.268609
-10.0,7,53.270084
-5,20,53.27392
-5,20,53.277761
-5,20,53.281591
-10.0,7,53.283025
-5,20,53.286872
-5,20,53.290691
-5,20,53.294529
-5,20,53.298353
-10.0,1,53.303975
-5,20,53.307862
-5,20,53.31186
-10.0,5,53.313016
-5,20,53.316796
-10.0,14,53.319501
-5,20,53.323432
-5,20,53.327208
-10.0,12,53.399285
-5,20,53.405001
-5,20,53.410578
-5,20,53.416336
-5,20,53.422064
-5,20,53.427676
-5,20,53.564725
-5,20,53.571246
-5,20,53.576873
-5,20,53.582686
-5,20,53.586632
-10.0,8,53.588279
-5,20,53.59216
15.0,6,53.593453
-5,20,53.599363
-5,20,53.605688
-5,20,53.612185
-5,20,53.728522
-5,20,53.732651
-5,20,53.736548
-5,20,53.740421
-5,20,53.744474
-5,20,53.748372
-5,20,53.752305
-5,20,53.756228
-10.0,9,53.758076
-10.0,3,53.758773
-5,20,53.762683
-5,20,53.767395
-5,20,53.892567
-5,20,53.896721
-5,20,53.901463
-5,20,53.90802
-5,20,53.91381
-10.0,11,53.916014
-5,20,53.92056
-10.0,20,53.924446
-5,20,53.928325
-5,20,53.932176
-5,20,53.936119
-5,20,53.941385
-10.0,19,53.946395
-10.0,15,53.951128
-5,20,53.95745
-5,20,53.96141
-5,20,53.967344
-5,20,53.997576
-5,20,54.004233
-5,20,54.151402
-10.0,11,54.15388
-5,20,54.157817
-5,20,54.161699
-5,20,54.165636
-10.0,20,54.169544
-10.0,17,54.172808
-5,20,54.176698
-5,20,54.180558
-5,20,54.184587
-5,20,54.199378
-10.0,1,54.199716
-5,20,54.203601
-5,20,54.2075
-5,20,54.332417
-5,20,54.336711
-10.0,1,54.337068
-5,20,54.340975
-5,20,54.344895
-5,20,54.348819
-10.0,2,54.349365
-5,20,54.353279
-5,20,54.357405
-5,20,54.361341
-5,20,54.365271
-10.0,5,54.366383
-5,20,54.498934
-5,20,54.50325
-5,20,54.507319
-5,20,54.513682
-5,20,54.520274
-5,20,54.525557
-10.0,17,54.528975
-5,20,54.532833
-5,20,54.537014
-5,20,54.540879
-5,20,54.546403
-5,20,54.674986
-5,20,54.678994
-5,20,54.682897
-5,20,54.686711
-5,20,54.799156
-10.0,2,54.799779
-5,20,54.80361
-5,20,54.807482
-5,20,54.811456
-5,20,54.815325
-5,20,54.819191
-5,20,54.822991
-5,20,54.826877
-5,20,54.830662
-10.0,8,54.832257
-5,20,54.836135
7.0,14,54.838848
-5,20,54.842813
-5,20,54.846628
-5,20,54.850548
-5,20,54.85446
-10.0,18,54.857924
-5,20,54.861806
-5,20,54.865629
-5,20,54.869528
-5,20,54.873342
-5,20,54.877218
-5,20,54.907557
-10.0,7,54.909565
-10.0,9,54.960083
-5,20,54.964029
-5,20,54.970013
-5,20,54.975778
-5,20,54.979726
-5,20,55.041292
-5,20,55.045135
-5,20,55.048992
-10.0,19,55.052608
-5,20,55.056468
-5,20,55.060427
-10.0,8,55.062068
-5,20,55.065873
-10.0,20,55.069729
-5,20,55.074222
-5,20,55.078092
-5,20,55.08188
-5,20,55.085739
-10.0,5,55.086771
-5,20,55.090734
-5,20,55.094567
-5,20,55.098502
-5,20,55.102329
-5,20,55.106243
-5,20,55.110078
-5,20,55.11395
-10.0,11,55.116101
-5,20,55.119988
-5,20,55.123806
-5,20,55.127693
-10.0,17,55.21664
-5,20,55.220535
-5,20,55.224416
-10.0,1,55.224702
-5,20,55.228506
-5,20,55.232367
-10.0,13,55.234882
-5,20,55.23875
-5,20,55.242543
-5,20,55.24639
-5,20,55.250319
-5,20,55.254144
-5,20,55.258079
-5,20,55.262064
-5,20,55.265942
-10.0,3,55.282045
-5,20,55.286078
-5,20,55.289932
-5,20,55.293885
-5,20,55.297704
-5,20,55.368595
-5,20,55.372434
-10.0,5,55.399619
-10.0,2,55.400198
-5,20,55.404076
-5,20,55.407928
-5,20,55.411782
-5,20,55.415754
-5,20,55.419622
-5,20,55.423572
-5,20,55.427429
-5,20,55.431276
-5,20,55.435095
-5,20,55.43903
-5,20,55.442865
-5,20,55.447031
-5,20,55.450831
-5,20,55.454721
-5,20,55.45855
-5,20,55.462357
-5,20,55.466222
-10.0,6,55.467457
-5,20,55.471246
-5,20,55.47506
-5,20,55.478895
-5,20,55.482705
-5,20,55.486534
-5,20,55.490324
-5,20,55.4942
-5,20,55.498019
-5,20,55.50188
-5,20,55.536823
-5,20,55.540712
-10.0,16,55.544232
-5,20,55.653669
-5,20,55.76195
-5,20,55.766207
-5,20,55.770009
-5,20,55.7738
-5,20,55.777629
-5,20,55.78139
-5,20,55.79025
-5,20,55.809705
-10.0,1,55.810042
-5,20,55.813888
-5,20,55.817782
-5,20,55.821621
-5,20,55.82591
-5,20,55.829706
-5,20,55.833528
-10.0,13,55.90192
-5,20,55.906002
-10.0,12,55.908328
-5,20,55.912163
-5,20,55.916038
-5,20,55.920801
-10.0,17,55.926122
-5,20,55.929972
-10.0,10,55.931948
-5,20,55.935864
-5,20,55.939703
-5,20,56.050119
-5,20,56.054075
-5,20,56.057909
-5,20,56.06245
-5,20,56.066238
-5,20,56.070115
-5,20,56.07394
-5,20,56.077797
-5,20,56.133642
-5,20,56.137808
-5,20,56.141641
-5,20,56.155874
-5,20,56.159691
-10.0,9,56.207829
-5,20,56.211755
-5,20,56.215578
-5,20,56.219375
-5,20,56.295183
-5,20,56.299201
-5,20,56.303174
-5,20,56.307021
-5,20,56.310821
-10.0,16,56.313919
-10.0,4,56.335678
-5,20,56.339542
-10.0,3,56.340297
-5,20,56.385154
-10.0,18,56.388606
-5,20,56.392412
-5,20,56.396232
-5,20,56.400021
-5,20,56.404031
-5,20,56.407855
-5,20,56.519316
-5,20,56.5233
-5,20,56.527047
-10.0,3,56.527754
-10.0,2,56.528249
-5,20,56.531998
-5,20,56.535779
-10.0,2,56.536275
-5,20,56.540016
-10.0,3,56.540693
-5,20,56.544644
-5,20,56.548412
-5,20,56.552204
-5,20,56.556054
-5,20,56.559826
-5,20,56.563645
-5,20,56.56737
-5,20,56.571286
-5,20,56.575094
-5,20,56.578891
-10.0,11,56.581029
-5,20,56.584858
-5,20,56.588655
-5,20,56.592515
-5,20,56.596344
-5,20,56.600226
-5,20,56.604069
-5,20,56.60795
-5,20,56.611755
-5,20,56.615564
-5,20,56.619381
-5,20,56.623165
-5,20,56.626963
-5,20,56.63073
-5,20,56.634565
-5,20,56.638319
-5,20,56.642118
-5,20,56.646096
-5,20,56.649829
-10.0,8,56.651414
-5,20,56.65523
-5,20,56.658977
-5,20,56.662736
-10.0,7,56.664138
-5,20,56.667966
-10.0,17,56.671238
-10.0,1,56.67155
-5,20,56.675452
-5,20,56.679232
-5,20,56.683067
-5,20,56.686809
-5,20,56.690618
-5,20,56.694427
-5,20,56.69822
-5,20,56.702055
-5,20,56.705979
-10.0,10,56.707982
-5,20,56.711825
-5,20,56.71566
-5,20,56.719461
-5,20,56.72331
-5,20,56.727106
-5,20,56.730936
-5,20,56.734764
-5,20,56.738563
-5,20,56.742328
-5,20,56.746306
-5,20,56.750092
-5,20,56.850852
-5,20,56.854851
-10.0,3,56.871469
-5,20,56.875544
-5,20,56.879353
-5,20,56.883163
-5,20,56.887016
-5,20,56.942451
-5,20,56.946467
-5,20,56.950259
-5,20,57.025714
-10.0,4,57.02672
3.0,18,57.030189
-5,20,57.034006
-5,20,57.037811
-5,20,57.041613
-5,20,57.045372
-5,20,57.049356
-5,20,57.053083
17.0,4,57.053943
-10.0,17,57.05721
-5,20,57.060947
-10.0,10,57.06294
-5,20,57.06678
-5,20,57.070709
-5,20,57.074486
-5,20,57.078276
-10.0,8,57.079844
-10.0,7,57.11664
-5,20,57.120498
-10.0,9,57.122304
-5,20,57.126111
-5,20,57.129821
-5,20,57.13361
-5,20,57.13736
-5,20,57.141159
-5,20,57.14491
-5,20,57.148906
-5,20,57.152711
-5,20,57.156457
-5,20,57.160283
-5,20,57.164056
-5,20,57.167855
-5,20,57.17161
-10.0,3,57.172288
-10.0,20,57.276245
-10.0,3,57.277051
-5,20,57.280839
-5,20,57.391747
-5,20,57.395742
-5,20,57.399541
-5,20,57.403392
-5,20,57.407279
-5,20,57.411247
-5,20,57.415001
-5,20,57.418778
-5,20,57.528433
-5,20,57.53234
-5,20,57.536161
-5,20,57.539895
-5,20,57.543659
-5,20,57.60247
-5,20,57.606514
-5,20,57.610308
-5,20,57.614099
-5,20,57.664066
-5,20,57.668051
-5,20,57.671853
15.0,6,57.67312
-5,20,57.676895
-5,20,57.680719
-5,20,57.684538
-5,20,57.688504
-5,20,57.692324
-5,20,57.696181
-10.0,2,57.696681
-5,20,57.700425
-5,20,57.704299
-5,20,57.708256
-10.0,6,57.709537
-5,20,57.713366
-5,20,57.717224
-5,20,57.721009
-5,20,57.724846
-10.0,10,57.726811
-5,20,57.730603
13.0,8,57.732196
-5,20,57.73602
-10.0,4,57.736888
-5,20,57.740656
-5,20,57.744474
-5,20,57.748242
-5,20,57.752064
-5,20,57.755858
-10.0,13,57.758389
-5,20,57.762354
-5,20,57.766157
-5,20,57.769915
-5,20,57.773715
-5,20,57.77751
-5,20,57.781242
-5,20,57.785136
-5,20,57.789778
-5,20,57.793812
-5,20,57.797592
-5,20,57.801436
-10.0,1,57.801748
-5,20,57.805557
-5,20,57.809413
-5,20,57.813205
-5,20,57.81718
-5,20,57.821164
-10.0,5,57.847858
-5,20,57.851733
-5,20,57.855577
-5,20,57.859566
-5,20,57.863413
-10.0,3,57.864096
-5,20,57.86794
-5,20,57.897228
-5,20,57.901042
-10.0,18,57.904564
-5,20,57.908442
-5,20,57.912593
-5,20,57.916668
-5,20,57.920515
-5,20,57.924347
-5,20,57.928174
-5,20,57.93201
-5,20,57.935839
-5,20,58.001642
-5,20,58.005494
-10.0,7,58.006941
-5,20,58.010914
-5,20,58.014752
-5,20,58.018539
-10.0,8,58.061257
-10.0,12,58.063733
-5,20,58.067544
-5,20,58.0714
-10.0,1,58.076701
-5,20,58.08056
-5,20,58.084403
-5,20,58.088217
-5,20,58.092062
-5,20,58.202954
-5,20,58.206943
-5,20,58.210799
-5,20,58.214582
-10.0,9,58.221704
-5,20,58.22554
-5,20,58.229367
-5,20,58.233188
-5,20,58.236971
-5,20,58.240716
-10.0,4,58.241584
-5,20,58.245394
-5,20,58.249256
-5,20,58.253258
-10.0,4,58.274616
-5,20,58.2787
-5,20,58.282509
-5,20,58.286366
-10.0,1,58.286681
-5,20,58.290486
-5,20,58.400092
-5,20,58.404097
-10.0,5,58.405203
-5,20,58.409081
-5,20,58.41286
-5,20,58.41663
-5,20,58.420361
-5,20,58.424168
-5,20,58.427925
-5,20,58.431731
-10.0,1,58.432043
-5,20,58.523405
-5,20,58.527197
-10.0,1,58.527548
-5,20,58.531293
-5,20,58.535245
-10.0,20,58.539005
-10.0,3,58.539688
-5,20,58.543547
-10.0,3,58.559643
-5,20,58.563798
-5,20,58.567608
-5,20,58.571457
-5,20,58.575251
-5,20,58.649879
-5,20,58.653869
-10.0,4,58.654745
-5,20,58.658687
-5,20,58.693502
-5,20,58.697534
-5,20,58.732091
-10.0,4,58.73308
-5,20,58.736874
-5,20,58.740671
-5,20,58.7445
-5,20,58.7483
-5,20,58.752197
-10.0,3,58.768542
-5,20,58.788304
-5,20,58.792375
-5,20,58.796177
-10.0,17,58.799461
-5,20,58.803232
-10.0,11,58.805427
-10.0,14,58.808155
-5,20,58.81191
-5,20,58.81582
-5,20,58.819649
-5,20,58.823633
-5,20,58.827465
-5,20,58.831258
-5,20,58.83507
-5,20,58.838869
-10.0,20,58.842688
-5,20,58.846482
-5,20,58.850326
-5,20,58.854332
-5,20,58.858355
-5,20,58.862193
-10.0,11,58.864334
-5,20,58.868192
-5,20,58.872004
-10.0,18,58.875458
-10.0,4,58.876317
-10.0,3,58.877039
-5,20,58.880838
-5,20,58.884652
-10.0,14,58.887337
-10.0,8,58.88901
-10.0,19,58.892751
-5,20,58.896537
-5,20,58.900357
-10.0,1,58.900669
-5,20,58.904463
-5,20,58.908387
-5,20,58.912457
-5,20,58.916387
-5,20,58.920449
-5,20,58.924315
-5,20,58.928106
-10.0,15,58.931043
-10.0,7,58.932447
-10.0,4,58.933353
-5,20,58.937101
-5,20,59.045328
-5,20,59.049489
-5,20,59.053316
-5,20,59.057186
-10.0,17,59.060436
-5,20,59.064292
-5,20,59.068085
-5,20,59.158588
-5,20,59.162589
-10.0,1,59.162909
-5,20,59.182029
-5,20,59.185827
-5,20,59.230119
-5,20,59.2341
-10.0,2,59.234583
-5,20,59.238457
-10.0,11,59.240748
-10.0,8,59.242351
-5,20,59.246198
-10.0,20,59.25004
-5,20,59.25386
-5,20,59.257706
-5,20,59.261515
-5,20,59.265358
-5,20,59.269168
-5,20,59.273076
-5,20,59.27689
-5,20,59.387367
-5,20,59.391513
-5,20,59.395298
-5,20,59.399141
-5,20,59.40296
-5,20,59.422725
-5,20,59.426611
-5,20,59.430448
-5,20,59.434241
10.0,11,59.436371
-10.0,1,59.436681
-5,20,59.440482
-5,20,59.44428
-5,20,59.448041
-5,20,59.457454
-5,20,59.461291
-5,20,59.465132
-5,20,59.474225
-5,20,59.478043
-5,20,59.481904
-10.0,2,59.482405
-5,20,59.486253
-10.0,3,59.486939
-5,20,59.490931
-5,20,59.494744
-5,20,59.498559
-5,20,59.50318
-5,20,59.507085
-10.0,4,59.529021
-5,20,59.53285
-5,20,59.536664
-5,20,59.540453
-5,20,59.544278
-10.0,19,59.547881
-5,20,59.551674
-5,20,59.555478
-5,20,59.559251
-5,20,59.563066
-5,20,59.56683
-5,20,59.57067
-5,20,59.574445
-5,20,59.578288
-5,20,59.582095
-5,20,59.585948
-5,20,59.589892
-5,20,59.625113
-5,20,59.628904
-5,20,59.632742
-5,20,59.636501
-5,20,59.64029
-5,20,59.644047
-5,20,59.647826
19.0,2,59.648323
-5,20,59.652071
-10.0,14,59.654774
-5,20,59.658518
-5,20,59.662297
-5,20,59.751721
-5,20,59.755559
-10.0,8,59.797179
-5,20,59.857271
-5,20,59.861321
-10.0,7,59.862755
-5,20,59.866556
-5,20,59.870431
-5,20,59.874176
-10.0,13,59.876684
-10.0,14,59.950786
-5,20,59.954746
-5,20,59.958583
-5,20,59.962379
-5,20,59.966206
-5,20,60.07565
-10.0,19,60.079449
-10.0,9,60.081263
-5,20,60.086164
-5,20,60.089973
-10.0,5,60.091029
-5,20,60.094839
-5,20,60.09868
-5,20,60.102462
-5,20,60.106366
-5,20,60.110301
-5,20,60.114267
-5,20,60.118119
-5,20,60.121924
-5,20,60.197341
-5,20,60.201244
-5,20,60.205061
-5,20,60.208901
-5,20,60.21282
-5,20,60.226936
-5,20,60.230916
20.0,1,60.231233
-5,20,60.23503
-10.0,5,60.236107
-5,20,60.239911
-5,20,60.243715
-5,20,60.24753
-5,20,60.355917
-5,20,60.40562
-5,20,60.445281
-5,20,60.449105
-5,20,60.452946
-5,20,60.456744
-5,20,60.460581
-5,20,60.464382
-5,20,60.468226
19.0,2,60.468705
-5,20,60.472569
-10.0,14,60.475416
-5,20,60.479258
-5,20,60.483072
-5,20,60.486909
-5,20,60.49071
-5,20,60.494552
20.0,1,60.494838
-5,20,60.603882
-5,20,60.607864
-5,20,60.611775
-5,20,60.615764
-5,20,60.695856
-5,20,60.699828
-5,20,60.703664
-5,20,60.707509
-5,20,60.711402
-5,20,60.715997
-5,20,60.719864
-5,20,60.723904
-5,20,60.727754
-10.0,7,60.729231
-5,20,60.743682
-5,20,60.747564
-5,20,60.751459
-5,20,60.755275
-5,20,60.75915
-5,20,60.762952
-5,20,60.766843
-5,20,60.770688
-10.0,4,60.77154
-5,20,60.775374
-5,20,60.779248
-10.0,18,60.782707
-5,20,60.786581
-5,20,60.790406
-5,20,60.794289
-10.0,17,60.797561
-5,20,60.801435
-5,20,60.805327
-5,20,60.901362
-10.0,3,60.902188
-5,20,60.906092
-5,20,61.015273
-10.0,6,61.016669
-5,20,61.02046
-5,20,61.02428
-5,20,61.028048
-5,20,61.031786
-5,20,61.035607
-5,20,61.039342
-5,20,61.043102
-5,20,61.151651
-10.0,6,61.153161
-10.0,18,61.15655
-5,20,61.160362
-5,20,61.164136
-5,20,61.167961
-5,20,61.278641
-5,20,61.282603
-5,20,61.286431
-5,20,61.290208
-5,20,61.294229
-5,20,61.298013
-10.0,10,61.300007
-5,20,61.303815
-5,20,61.307686
-5,20,61.311556
-5,20,61.315392
-5,20,61.319301
-5,20,61.323336
-5,20,61.327214
-10.0,3,61.327901
-5,20,61.33171
-5,20,61.335515
-5,20,61.339304
-5,20,61.343105
-5,20,61.34688
-10.0,2,61.347411
-5,20,61.351179
-10.0,3,61.367163
-5,20,61.371094
-5,20,61.374924
-5,20,61.378728
-5,20,61.382525
-5,20,61.386341
-5,20,61.390183
-5,20,61.394162
-10.0,16,61.397279
-5,20,61.40107
-5,20,61.404884
-5,20,61.408676
-5,20,61.412559
-5,20,61.41634
-5,20,61.420459
-5,20,61.424253
-5,20,61.428005
-5,20,61.431821
-5,20,61.435577
-10.0,4,61.436435
-10.0,5,61.43752
-5,20,61.441286
-5,20,61.44512
-5,20,61.449234
-5,20,61.453116
-5,20,61.456872
-5,20,61.523223
-5,20,61.527224
-5,20,61.531106
-5,20,61.534922
-5,20,61.538714
-10.0,17,61.542026
-5,20,61.545818
-10.0,4,61.546681
-5,20,61.550503
-5,20,61.554312
-5,20,61.558101
-10.0,1,61.559146
-5,20,61.563016
-5,20,61.566789
-5,20,61.654011
-5,20,61.764353
-10.0,11,61.766821
-5,20,61.770681
-10.0,1,61.776082
-5,20,61.78002
-5,20,61.783827
-5,20,61.894009
-5,20,61.898015
-5,20,61.901813
-10.0,12,61.904154
-5,20,61.908023
-5,20,61.912008
-5,20,61.915824
-5,20,61.919839
-5,20,61.923694
-5,20,61.9275
-5,20,61.931335
-5,20,61.935119
-10.0,7,61.936519
-5,20,61.94035
-5,20,61.944154
-10.0,14,61.946907
-10.0,16,61.949979
-5,20,61.953841
-10.0,1,61.954125
-5,20,61.95793
18.0,3,61.958632
-5,20,61.962451
-5,20,61.966302
-5,20,61.970125
-5,20,61.973979
-5,20,61.977817
-5,20,61.981674
-5,20,61.985508
-5,20,61.98936
-10.0,4,62.010903
-10.0,8,62.012585
-5,20,62.016486
-10.0,18,62.111367
-5,20,62.11525
-5,20,62.119144
-5,20,62.122968
-5,20,62.12684
-5,20,62.130645
-5,20,62.134474
-5,20,62.138278
-5,20,62.142102
-5,20,62.145933
-5,20,62.149736
-5,20,62.153564
-5,20,62.157511
-5,20,62.161344
-10.0,11,62.163485
-10.0,17,62.166766
-5,20,62.170569
-10.0,3,62.171235
-10.0,7,62.208882
-5,20,62.212797
-5,20,62.216667
-10.0,13,62.219198
-5,20,62.223011
-5,20,62.22677
-5,20,62.230612
-5,20,62.234369
-10.0,18,62.237819
-5,20,62.313225
-10.0,3,62.313959
8.0,13,62.31651
-10.0,14,62.319288
-5,20,62.323123
-5,20,62.326982
-5,20,62.43511
-5,20,62.546534
-10.0,5,62.547737
-5,20,62.551629
-5,20,62.555476
-5,20,62.559278
-10.0,8,62.560873
-5,20,62.564756
-10.0,6,62.565981
-5,20,62.675214
-5,20,62.679161
-10.0,18,62.682641
-5,20,62.686391
-5,20,62.690205
-5,20,62.693973
-5,20,62.774776
-5,20,62.778901
-10.0,12,62.781284
-5,20,62.785198
-5,20,62.789191
-5,20,62.793042
-10.0,5,62.794107
-5,20,62.797951
-5,20,62.801776
-5,20,62.80559
-5,20,62.810172
-5,20,62.855685
-5,20,62.859533
-5,20,62.863405
-5,20,62.867248
-5,20,62.871133
-10.0,5,62.872177
-5,20,62.876043
-10.0,9,62.924838
-5,20,62.928766
-5,20,62.968325
-5,20,62.972347
-5,20,62.976167
-5,20,62.980011
-5,20,62.983808
-5,20,62.987655
-5,20,62.991465
-5,20,62.995458
-10.0,6,62.996686
-5,20,63.000519
-5,20,63.004314
-5,20,63.114123
12.0,9,63.116076
-10.0,5,63.117186
-5,20,63.121082
-5,20,63.124898
-5,20,63.128694
-5,20,63.132554
-5,20,63.136368
-5,20,63.140381
-10.0,9,63.142155
-10.0,2,63.153011
-5,20,63.156895
-5,20,63.160732
-5,20,63.164536
-5,20,63.168433
-5,20,63.172254
-5,20,63.176122
-5,20,63.17993
-10.0,19,63.183597
-5,20,63.187441
-5,20,63.19125
-5,20,63.195088
-5,20,63.198879
-5,20,63.202732
-5,20,63.206529
-5,20,63.210394
-5,20,63.214199
-5,20,63.218019
-5,20,63.221765
-10.0,1,63.222114
-5,20,63.225883
-5,20,63.229668
-5,20,63.233417
-5,20,63.237369
-10.0,18,63.240747
-5,20,63.244523
-5,20,63.24831
-5,20,63.282633
-5,20,63.286471
-5,20,63.290259
-5,20,63.294076
-5,20,63.313461
-5,20,63.423515
-5,20,63.427476
-10.0,3,63.428163
-5,20,63.432003
-5,20,63.435813
-5,20,63.440454
-10.0,12,63.442784
-5,20,63.446563
-5,20,63.45035
-5,20,63.45414
-5,20,63.457934
-5,20,63.568356
-5,20,63.572361
-5,20,63.576225
-5,20,63.58003
-5,20,63.583852
-5,20,63.587651
13.0,8,63.589388
-10.0,7,63.590829
-5,20,63.594631
-10.0,5,63.595665
-5,20,63.681865
-5,20,63.685765
-5,20,63.689613
-5,20,63.719281
-5,20,63.723274
-5,20,63.727065
-5,20,63.730909
-10.0,7,63.732319
-10.0,5,63.733415
-10.0,11,63.735695
-5,20,63.739536
-5,20,63.743366
-10.0,2,63.743873
-5,20,63.747699
-10.0,5,63.748753
-5,20,63.752582
-5,20,63.757194
-10.0,2,63.757704
-5,20,63.761694
-10.0,7,63.763111
-5,20,63.767201
-5,20,63.771088
-5,20,63.774864
-5,20,63.778725
-5,20,63.782524
-10.0,1,63.782844
-5,20,63.878515
-5,20,63.882394
-5,20,63.968142
-5,20,63.972106
-5,20,63.975939
-5,20,63.9798
-5,20,63.983625
-5,20,63.98749
-5,20,63.991305
-5,20,64.015978
-5,20,64.019975
-5,20,64.023866
-5,20,64.027722
-5,20,64.031537
-5,20,64.035439
-5,20,64.039242
-5,20,64.043065
-5,20,64.046865
-5,20,64.050761
-10.0,13,64.05331
-5,20,64.057191
-5,20,64.081622
-5,20,64.085644
-5,20,64.089478
-5,20,64.093344
-5,20,64.097187
-5,20,64.101012
-5,20,64.104866
-5,20,64.108685
-5,20,64.113011
-5,20,64.116846
-5,20,64.228264
-5,20,64.338256
-5,20,64.342247
-5,20,64.346067
-5,20,64.349904
-5,20,64.353708
-5,20,64.35755
-5,20,64.36143
-5,20,64.365226
-5,20,64.36906
-5,20,64.372812
-5,20,64.376776
-5,20,64.380573
-5,20,64.384392
-5,20,64.450825
-5,20,64.454844
-5,20,64.458683
-10.0,5,64.459721
-5,20,64.46354
-5,20,64.46738
-5,20,64.4712
-5,20,64.475061
-5,20,64.479066
-5,20,64.482859
-10.0,5,64.483895
-5,20,64.487735
-10.0,14,64.490437
-5,20,64.494273
-5,20,64.498068
-5,20,64.501924
-5,20,64.505737
-5,20,64.509668
-5,20,64.514009
-5,20,64.517844
-5,20,64.62872
-5,20,64.632676
-5,20,64.636461
-5,20,64.640652
-5,20,64.644431
-5,20,64.6483
-5,20,64.652117
-10.0,1,64.657401
-10.0,11,64.659624
-5,20,64.66344
-5,20,64.667281
-5,20,64.671094
-5,20,64.674932
-10.0,4,64.675817
-5,20,64.679642
-10.0,7,64.681153
-5,20,64.685141
-5,20,64.688998
-5,20,64.692806
-5,20,64.696606
-5,20,64.700421
-5,20,64.735619
-10.0,10,64.737806
-5,20,64.741642
-5,20,64.745508
-5,20,64.750059
-5,20,64.753861
-5,20,64.757745
-5,20,64.761582
-5,20,64.765488
-10.0,1,64.765778
-10.0,7,64.767188
-5,20,64.771032
-10.0,17,64.774312
-5,20,64.778208
-5,20,64.782195
-5,20,64.786045
-5,20,64.789846
-5,20,64.793702
-5,20,64.797554
-5,20,64.801387
-5,20,64.805194
-10.0,1,64.810777
-5,20,64.814736
-5,20,64.818554
-5,20,64.822461
-5,20,64.826332
-5,20,64.830146
-5,20,64.854816
-5,20,64.85866
-5,20,64.862537
-5,20,64.866372
-5,20,64.870222
-5,20,64.951314
-5,20,64.955281
-5,20,64.959108
-5,20,64.962867
-5,20,64.9667
-5,20,65.071697
-5,20,65.075625
-5,20,65.079437
-5,20,65.083247
-5,20,65.087045
-5,20,65.090899
-5,20,65.094689
-5,20,65.098526
-5,20,65.102335
-5,20,65.106353
-5,20,65.141068
-5,20,65.145052
-5,20,65.14885
-5,20,65.152669
-5,20,65.156435
-5,20,65.160269
-5,20,65.164081
-10.0,8,65.16573
-5,20,65.169571
-5,20,65.235851
-5,20,65.239699
2.0,19,65.243523
-10.0,9,65.260414
-5,20,65.356677
-5,20,65.360679
-5,20,65.364548
-5,20,65.474753
-10.0,18,65.478381
-5,20,65.482256
-5,20,65.486096
-5,20,65.489901
-5,20,65.493735
-10.0,1,65.494022
-10.0,5,65.520905
-5,20,65.524968
-10.0,5,65.551935
-10.0,8,65.553655
-5,20,65.557485
-5,20,65.561249
-5,20,65.565168
-5,20,65.568927
-5,20,65.5727
-5,20,65.57649
-5,20,65.580249
-5,20,65.584049
-5,20,65.587814
-5,20,65.591642
-10.0,14,65.594337
-5,20,65.598127
-5,20,65.601929
-5,20,65.605761
-5,20,65.609565
-5,20,65.720364
-5,20,65.724387
-10.0,16,65.727466
-5,20,65.731325
-5,20,65.735131
-5,20,65.738996
-5,20,65.742802
-10.0,9,65.744609
-5,20,65.74843
-10.0,2,65.754116
-5,20,65.758054
-5,20,65.761877
-5,20,65.765871
-5,20,65.876172
-10.0,8,65.877939
-5,20,65.88253
-5,20,65.886342
-5,20,65.890639
-10.0,3,65.891327
-5,20,65.895128
-5,20,65.898984
-5,20,65.902816
-5,20,65.906717
-5,20,65.910844
-5,20,69.88321
-5,20,70.218048
-5,20,70.554058
-10.0,2,70.587731
2.0,19,70.931876
-5,20,71.270204
-5,20,71.610733
-5,20,71.949349
-5,20,72.326309
-5,20,72.662784
-5,20,72.997369
-5,20,73.330577
-5,20,73.665106
-5,20,73.997509
-5,20,74.331887
-10.0,10,74.500622
-10.0,18,74.805077
-5,20,75.137886
-5,20,75.474863
-5,20,75.811714
20.0,1,75.82868
-10.0,5,75.913315
-5,20,76.251563
-10.0,3,76.30245
-5,20,76.675337
-5,20,77.011187
-10.0,14,77.244757
-5,20,77.573149
-10.0,17,77.86186
-5,20,78.19776
-5,20,78.533758
-10.0,8,78.669308
-5,20,79.002525
-5,20,79.333541
-5,20,79.667798
-5,20,80.034726
-10.0,11,80.220613
-5,20,80.557667
-5,20,80.897547
-10.0,6,80.999981
-5,20,81.339695
-10.0,14,81.575129
-10.0,17,81.863676
-10.0,12,82.065917
-10.0,18,82.368421
-5,20,82.725741
-5,20,83.059454
-10.0,11,83.245241
-10.0,6,83.34727
-5,20,83.685841
-5,20,84.025507
-5,20,84.358252
-10.0,8,84.493858
-10.0,18,84.793493
8.0,13,85.010154
-5,20,85.345154
-5,20,85.715612
-5,20,86.053763
-5,20,86.386702
-5,20,86.722346
-10.0,7,86.842701
-5,20,87.179534
-5,20,87.544464
-10.0,4,87.633055
-5,20,87.972611
-10.0,6,88.075022
-10.0,10,88.245835
-5,20,88.587864
-5,20,88.919961
-10.0,17,89.21179
-10.0,20,89.551793
-10.0,7,89.671055
-5,20,90.009959
